text,sentiment
good,Positive
great,Positive
i love you,Positive
okay,Neutral
it is fine,Neutral
nice,Positive
fedt,Positive
ikke dårligt,Positive
godt,Positive
går,Neutral
skole,Neutral


acclaim,Positive
acclaimed,Positive
acclamation,Positive
accomplishment,Positive
accurate,Positive
accurately,Positive
achievable,Positive
achievement,Positive
achievements,Positive
adjustable,Positive
admirable,Positive
admirably,Positive
admiration,Positive
admire,Positive
admirer,Positive
admiring,Positive
admiringly,Positive
adorable,Positive
adore,Positive
adored,Positive
adorer,Positive
adoring,Positive
adoringly,Positive
appreciatively,Positive
appropriate,Positive
approval,Positive
approve,Positive
assurances,Positive
assure,Positive
assuredly,Positive
astonish,Positive
astonished,Positive
astonishing,Positive
astonishingly,Positive
better,Positive
beutifully,Positive
blameless,Positive
bless,Positive
celebrated,Positive
celebration,Positive
celebratory,Positive
champ,Positive
clearer,Positive
clearly,Positive
clears,Positive
clever,Positive
cleverly,Positive
confidence,Positive
confident,Positive
congenial,Positive
congratulate,Positive
congratulation,Positive
congratulations,Positive
congratulatory,Positive
decency,Positive
decent,Positive
decisive,Positive
decisiveness,Positive
dedicated,Positive
earnestly,Positive
earnestness,Positive
ease,Positive
eased,Positive
eases,Positive
easiest,Positive
easiness,Positive
easing,Positive
easy,Positive
easygoing,Positive
ebullience,Positive
ebullient,Positive
ebulliently,Positive
ecenomical,Positive
economical,Positive
ecstasies,Positive
ecstasy,Positive
ecstatic,Positive
ecstatically,Positive
edify,Positive
effectiveness,Positive
effectual,Positive
efficacious,Positive
efficient,Positive
efficiently,Positive
effortless,Positive
effortlessly,Positive
effusion,Positive
effusive,Positive
effusively,Positive
effusiveness,Positive
elan,Positive
elate,Positive
elated,Positive
elatedly,Positive
electrify,Positive
elegance,Positive
elegant,Positive
elegantly,Positive
elevate,Positive
elite,Positive
eloquence,Positive
eloquent,Positive
eloquently,Positive
embolden,Positive
eminent,Positive
empathize,Positive
empathy,Positive
empower,Positive
empowerment,Positive
enchant,Positive
enchanted,Positive
enchanting,Positive
encourage,Positive
encouragement,Positive
encouraging,Positive
encouragingly,Positive
endear,Positive
endorsed,Positive
endorsement,Positive
endorses,Positive
endorsing,Positive
energetic,Positive
energize,Positive
engaging,Positive
engrossing,Positive
enhance,Positive
enhanced,Positive
enhancement,Positive
enhances,Positive
enjoy,Positive
enjoyable,Positive
enjoyably,Positive
enjoyed,Positive
enjoying,Positive
enjoyment,Positive
enjoys,Positive
enlighten,Positive
enlightenment,Positive
enliven,Positive
ennoble,Positive
enough,Positive
enrapt,Positive
enrapture,Positive
enraptured,Positive
enrich,Positive
enrichment,Positive
enterprising,Positive
entertain,Positive
entertaining,Positive
entertains,Positive
enthral,Positive
enthrall,Positive
enthralled,Positive
enthuse,Positive
enthusiasm,Positive
enthusiast,Positive
enthusiastic,Positive
enthusiastically,Positive
entice,Positive
enticed,Positive
enticing,Positive
enticingly,Positive
entranced,Positive
entrancing,Positive
entrust,Positive
enviable,Positive
enviably,Positive
envious,Positive
enviously,Positive
enviousness,Positive
envy,Positive
equitable,Positive
ergonomical,Positive
erudite,Positive
ethical,Positive
eulogize,Positive
euphoria,Positive
euphoric,Positive
euphorically,Positive
evaluative,Positive
evenly,Positive
eventful,Positive
everlasting,Positive
evocative,Positive
exalt,Positive
exaltation,Positive
exalted,Positive
exaltedly,Positive
exalting,Positive
exaltingly,Positive
examplar,Positive
examplary,Positive
excallent,Positive
exceed,Positive
exceeded,Positive
exceeding,Positive
exceedingly,Positive
exceeds,Positive
excel,Positive
exceled,Positive
excelent,Positive
excellant,Positive
excelled,Positive
excellence,Positive
excellency,Positive
excellent,Positive
excellently,Positive
excels,Positive
exceptional,Positive
exceptionally,Positive
excite,Positive
excited,Positive
excitedly,Positive
excitedness,Positive
excitement,Positive
excites,Positive
exciting,Positive
excitingly,Positive
exellent,Positive
exemplar,Positive
exemplary,Positive
exhilarate,Positive
exhilarating,Positive
exhilaratingly,Positive
exhilaration,Positive
exonerate,Positive
expansive,Positive
expeditiously,Positive
expertly,Positive
exquisite,Positive
exquisitely,Positive
extol,Positive
extoll,Positive
extraordinarily,Positive
extraordinary,Positive
exuberance,Positive
exuberant,Positive
exuberantly,Positive
exult,Positive
exultant,Positive
exultation,Positive
exultingly,Positive
eyecatch,Positive
eyecatching,Positive
fabulous,Positive
fabulously,Positive
facilitate,Positive
fairly,Positive
fairness,Positive
faith,Positive
faithful,Positive
faithfully,Positive
faithfulness,Positive
fame,Positive
famed,Positive
famous,Positive
famously,Positive
fancier,Positive
fancinating,Positive
fancy,Positive
fanfare,Positive
fans,Positive
fantastic,Positive
fantastically,Positive
fascinate,Positive
fascinating,Positive
fascinatingly,Positive
fascination,Positive
fashionable,Positive
fashionably,Positive
fast,Positive
faster,Positive
fastest,Positive
faultless,Positive
fav,Positive
fave,Positive
favour,Positive
fearless,Positive
fearlessly,Positive
feasible,Positive
feasibly,Positive
feat,Positive
fecilitous,Positive
feisty,Positive
felicitate,Positive
felicitous,Positive
felicity,Positive
fertile,Positive
fervent,Positive
fervently,Positive
fervid,Positive
fervidly,Positive
fervor,Positive
festive,Positive
fidelity,Positive
fiery,Positive
fine,Positive
finely,Positive
finer,Positive
finest,Positive
firmer,Positive
flashy,Positive
flatter,Positive
flattering,Positive
flatteringly,Positive
flawless,Positive
flawlessly,Positive
flexibility,Positive
flexible,Positive
flourish,Positive
flourishing,Positive
fluent,Positive
flutter,Positive
fond,Positive
fondly,Positive
fondness,Positive
foolproof,Positive
foremost,Positive
foresight,Positive
formidable,Positive
fortitude,Positive
fortuitous,Positive
fortuitously,Positive
fortunate,Positive
fortunately,Positive
fortune,Positive
fragrant,Positive
free,Positive
freed,Positive
freedom,Positive
freedoms,Positive
fresh,Positive
fresher,Positive
freshest,Positive
friendliness,Positive
friendly,Positive
frolic,Positive
frugal,Positive
fruitful,Positive
ftw,Positive
fulfillment,Positive
fun,Positive
futurestic,Positive
futuristic,Positive
gaiety,Positive
gaily,Positive
gain,Positive
gained,Positive
gainful,Positive
gainfully,Positive
gaining,Positive
gains,Positive
gallant,Positive
gallantly,Positive
galore,Positive
geekier,Positive
geeky,Positive
gem,Positive
gems,Positive
generosity,Positive
generous,Positive
generously,Positive
genial,Positive
genius,Positive
gentle,Positive
gentlest,Positive
genuine,Positive
gifted,Positive
gladden,Positive
gladly,Positive
gladness,Positive
glamorous,Positive
glee,Positive
gleeful,Positive
gleefully,Positive
glimmer,Positive
glimmering,Positive
glisten,Positive
glistening,Positive
glitter,Positive
glitz,Positive
glorify,Positive
glorious,Positive
gloriously,Positive
glory,Positive
glow,Positive
glowing,Positive
glowingly,Positive
godlike,Positive
godsend,Positive
gold,Positive
golden,Positive
good,Positive
goodly,Positive
goodness,Positive
goodwill,Positive
goood,Positive
gooood,Positive
gorgeous,Positive
gorgeously,Positive
grace,Positive
graceful,Positive
gracefully,Positive
gracious,Positive
graciously,Positive
graciousness,Positive
grand,Positive
grandeur,Positive
grateful,Positive
gratefully,Positive
gratification,Positive
gratified,Positive
gratifies,Positive
gratify,Positive
gratifying,Positive
gratifyingly,Positive
gratitude,Positive
great,Positive
greatest,Positive
greatness,Positive
grin,Positive
groundbreaking,Positive
guarantee,Positive
guidance,Positive
guiltless,Positive
gumption,Positive
gush,Positive
gusto,Positive
gutsy,Positive
hail,Positive
halcyon,Positive
hale,Positive
hallmark,Positive
hallmarks,Positive
hallowed,Positive
handier,Positive
handily,Positive
handsome,Positive
handsomely,Positive
handy,Positive
happier,Positive
happily,Positive
happiness,Positive
happy,Positive
hardier,Positive
hardy,Positive
harmless,Positive
harmonious,Positive
harmoniously,Positive
harmonize,Positive
harmony,Positive
headway,Positive

abnormal,Negative
abolish,Negative
abominable,Negative
abominably,Negative
abominate,Negative
abomination,Negative
abort,Negative
aborted,Negative
aborts,Negative
abrade,Negative
abrasive,Negative
abrupt,Negative
abruptly,Negative
abscond,Negative
absence,Negative
absentee,Negative
absurd,Negative
absurdity,Negative
absurdly,Negative
absurdness,Negative
abuse,Negative
abused,Negative
abuses,Negative
abusive,Negative
abysmal,Negative
abysmally,Negative
abyss,Negative
accidental,Negative
accost,Negative
accursed,Negative
accusation,Negative
accusations,Negative
accuse,Negative
accuses,Negative
accusing,Negative
accusingly,Negative
acerbate,Negative
acerbic,Negative
acerbically,Negative
ache,Negative
ached,Negative
aches,Negative
achey,Negative
aching,Negative
acrid,Negative
acridly,Negative
acridness,Negative
acrimonious,Negative
acrimoniously,Negative
acrimony,Negative
adamant,Negative
adamantly,Negative
addict,Negative
addicted,Negative
addicting,Negative
addicts,Negative
admonish,Negative
admonisher,Negative
admonishingly,Negative
admonishment,Negative
admonition,Negative
adulterate,Negative
adulterated,Negative
adulteration,Negative
adulterier,Negative
adversarial,Negative
adversary,Negative
adverse,Negative
adversity,Negative
afflict,Negative
affliction,Negative
afflictive,Negative
affront,Negative
afraid,Negative
aggravate,Negative
aggravating,Negative
aggravation,Negative
aggression,Negative
aggressive,Negative
aggressiveness,Negative
aggressor,Negative
aggrieve,Negative
aggrieved,Negative
aggrivation,Negative
aghast,Negative
agonies,Negative
agonize,Negative
agonizing,Negative
agonizingly,Negative
agony,Negative
aground,Negative
ail,Negative
ailing,Negative
ailment,Negative
aimless,Negative
alarm,Negative
alarmed,Negative
alarming,Negative
alarmingly,Negative
alienate,Negative
alienated,Negative
alienation,Negative
allegation,Negative
allegations,Negative
allege,Negative
allergic,Negative
allergies,Negative
allergy,Negative
aloof,Negative
altercation,Negative
ambiguity,Negative
ambiguous,Negative
ambivalence,Negative
ambivalent,Negative
ambush,Negative
amiss,Negative
amputate,Negative
anarchism,Negative
anarchist,Negative
anarchistic,Negative
anarchy,Negative
anemic,Negative
anger,Negative
angrily,Negative
angriness,Negative
angry,Negative
anguish,Negative
animosity,Negative
annihilate,Negative
annihilation,Negative
annoy,Negative
annoyance,Negative
annoyances,Negative
annoyed,Negative
annoying,Negative
annoyingly,Negative
annoys,Negative
anomalous,Negative
anomaly,Negative
antagonism,Negative
antagonist,Negative
antagonistic,Negative
antagonize,Negative
antipathy,Negative
antiquated,Negative
antithetical,Negative
anxieties,Negative
anxiety,Negative
anxious,Negative
anxiously,Negative
anxiousness,Negative
apathetic,Negative
apathetically,Negative
apathy,Negative
apocalypse,Negative
apocalyptic,Negative
apologist,Negative
apologists,Negative
appal,Negative
appall,Negative
appalled,Negative
appalling,Negative
appallingly,Negative
apprehension,Negative
apprehensions,Negative
apprehensive,Negative
apprehensively,Negative
arbitrary,Negative
arcane,Negative
archaic,Negative
arduous,Negative
arduously,Negative
argumentative,Negative
arrogance,Negative
arrogant,Negative
arrogantly,Negative
ashamed,Negative
asinine,Negative
asininely,Negative
asinininity,Negative
askance,Negative
asperse,Negative
aspersion,Negative
aspersions,Negative
assail,Negative
assassin,Negative
assassinate,Negative
assault,Negative
assult,Negative
astray,Negative
asunder,Negative
atrocious,Negative
atrocities,Negative
atrocity,Negative
atrophy,Negative
attack,Negative
attacks,Negative
audacious,Negative
audaciously,Negative
audaciousness,Negative
audacity,Negative
audiciously,Negative
austere,Negative
authoritarian,Negative
autocrat,Negative
autocratic,Negative
avalanche,Negative
avarice,Negative
avaricious,Negative
avariciously,Negative
avenge,Negative
averse,Negative
aversion,Negative
aweful,Negative
awful,Negative
awfully,Negative
awfulness,Negative
awkward,Negative
awkwardness,Negative
ax,Negative
babble,Negative
backache,Negative
backaches,Negative
backaching,Negative
backbite,Negative
backbiting,Negative
backward,Negative
backwardness,Negative
backwood,Negative
backwoods,Negative
bad,Negative
badly,Negative
baffle,Negative
baffled,Negative
bafflement,Negative
baffling,Negative
bait,Negative
balk,Negative
banal,Negative
banalize,Negative
bane,Negative
banish,Negative
banishment,Negative
bankrupt,Negative
barbarian,Negative
barbaric,Negative
barbarically,Negative
barbarity,Negative
barbarous,Negative
barbarously,Negative
barren,Negative
baseless,Negative
bash,Negative
bashed,Negative
bashful,Negative
bashing,Negative
bastard,Negative
bastards,Negative
battered,Negative
battering,Negative
batty,Negative
bearish,Negative
beastly,Negative
bedlam,Negative
bedlamite,Negative
befoul,Negative
beg,Negative
beggar,Negative
beggarly,Negative
begging,Negative
beguile,Negative
belabor,Negative
belated,Negative
beleaguer,Negative
belie,Negative
belittle,Negative
belittled,Negative
belittling,Negative
bellicose,Negative
belligerence,Negative
belligerent,Negative
belligerently,Negative
bemoan,Negative
bemoaning,Negative
bemused,Negative
bent,Negative
berate,Negative
bereave,Negative
bereavement,Negative
bereft,Negative
berserk,Negative
beseech,Negative
beset,Negative
besiege,Negative
besmirch,Negative
bestial,Negative
betray,Negative
betrayal,Negative
betrayals,Negative
betrayer,Negative
betraying,Negative
betrays,Negative
bewail,Negative
beware,Negative
bewilder,Negative
bewildered,Negative
bewildering,Negative
bewilderingly,Negative
bewilderment,Negative
bewitch,Negative
bias,Negative
biased,Negative
biases,Negative
bicker,Negative
bickering,Negative
bigotries,Negative
bigotry,Negative
bitch,Negative
bitchy,Negative
biting,Negative
bitingly,Negative
bitter,Negative
bitterly,Negative
bitterness,Negative
bizarre,Negative
blab,Negative
blabber,Negative
blackmail,Negative
blah,Negative
blame,Negative
blameworthy,Negative
bland,Negative
blandish,Negative
blaspheme,Negative
blasphemous,Negative
blasphemy,Negative
blasted,Negative
blatant,Negative
blatantly,Negative
blather,Negative
bleak,Negative
bleakly,Negative
bleakness,Negative
bleed,Negative
bleeding,Negative
bleeds,Negative
blemish,Negative
blind,Negative
blinding,Negative
blindingly,Negative
blindside,Negative
blister,Negative
blistering,Negative
bloated,Negative
blockage,Negative
blockhead,Negative
bloodshed,Negative
bloodthirsty,Negative
bloody,Negative
blotchy,Negative
blow,Negative
blunder,Negative
blundering,Negative
blunders,Negative
blunt,Negative
blur,Negative
bluring,Negative
blurred,Negative
blurring,Negative
blurry,Negative
blurs,Negative
blurt,Negative
boastful,Negative
boggle,Negative
bogus,Negative
boil,Negative
boiling,Negative
boisterous,Negative
bomb,Negative
bombard,Negative
bombardment,Negative
bombastic,Negative
bondage,Negative
bonkers,Negative
bore,Negative
bored,Negative
boredom,Negative
bores,Negative
boring,Negative
botch,Negative
bother,Negative
bothered,Negative
bothering,Negative
bothers,Negative
bothersome,Negative
bowdlerize,Negative
boycott,Negative
braggart,Negative
bragger,Negative
brainless,Negative
brainwash,Negative
brash,Negative
brashly,Negative
brashness,Negative
brat,Negative
bravado,Negative
brazen,Negative
brazenly,Negative
brazenness,Negative
breach,Negative
break,Negative
breakdown,Negative
breaking,Negative
breaks,Negative
breakup,Negative
breakups,Negative
bribery,Negative
brimstone,Negative
bristle,Negative
brittle,Negative
broke,Negative
broken,Negative
brood,Negative
browbeat,Negative
bruise,Negative
bruised,Negative
bruises,Negative
bruising,Negative
brusque,Negative
brutal,Negative
brutalising,Negative
brutalities,Negative
brutality,Negative
brutalize,Negative
brutalizing,Negative
brutally,Negative
brute,Negative
brutish,Negative
bs,Negative
buckle,Negative
bug,Negative
bugging,Negative
buggy,Negative
bugs,Negative
bulkier,Negative
bulkiness,Negative
bulky,Negative
bullies,Negative
bullshit,Negative
bullshyt,Negative
bully,Negative
bullying,Negative
bullyingly,Negative
bum,Negative
bump,Negative
bumped,Negative
bumping,Negative
bumpping,Negative
bumps,Negative
bumpy,Negative
bungle,Negative
bungler,Negative
bungling,Negative
bunk,Negative
burden,Negative
burdensome,Negative
burdensomely,Negative
burn,Negative
burned,Negative
burning,Negative
burns,Negative
bust,Negative
busts,Negative
busybody,Negative
butcher,Negative
butchery,Negative
buzzing,Negative
byzantine,Negative
cackle,Negative
calamities,Negative
calamitous,Negative
calamitously,Negative
calamity,Negative
callous,Negative
calumniate,Negative
calumniation,Negative
calumnies,Negative
calumnious,Negative
calumniously,Negative
calumny,Negative
cancer,Negative
cancerous,Negative
cannibal,Negative
cannibalize,Negative
capitulate,Negative
capricious,Negative
capriciously,Negative
capriciousness,Negative
capsize,Negative
careless,Negative
carelessness,Negative
caricature,Negative
carnage,Negative
carp,Negative
cartoonish,Negative
castigate,Negative
castrated,Negative
casualty,Negative
cataclysm,Negative
cataclysmal,Negative
cataclysmic,Negative
cataclysmically,Negative
catastrophe,Negative
catastrophes,Negative
catastrophic,Negative
catastrophically,Negative
catastrophies,Negative
caustic,Negative
caustically,Negative
cautionary,Negative
cave,Negative
censure,Negative
chafe,Negative
chaff,Negative
chagrin,Negative
challenging,Negative
chaos,Negative
chaotic,Negative
chasten,Negative
chastise,Negative
chastisement,Negative
chatter,Negative
chatterbox,Negative
cheap,Negative
cheapen,Negative
cheaply,Negative
cheat,Negative
cheated,Negative
cheater,Negative
cheating,Negative
cheats,Negative
checkered,Negative
cheerless,Negative
cheesy,Negative
chide,Negative
childish,Negative
chill,Negative
chilly,Negative
chintzy,Negative
choke,Negative
choleric,Negative
choppy,Negative
chore,Negative
chronic,Negative
chunky,Negative
clamor,Negative
clamorous,Negative
clash,Negative
cliche,Negative
cliched,Negative
clique,Negative
clog,Negative
clogged,Negative
clogs,Negative
cloud,Negative
clouding,Negative
cloudy,Negative
clueless,Negative
clumsy,Negative
clunky,Negative
coarse,Negative
cocky,Negative
coerce,Negative
coercion,Negative
coercive,Negative
cold,Negative
coldly,Negative
collapse,Negative
collude,Negative
collusion,Negative
combative,Negative
combust,Negative
comical,Negative
commiserate,Negative
commonplace,Negative
commotion,Negative
commotions,Negative
complacent,Negative
complain,Negative
complained,Negative
complaining,Negative
complains,Negative
complaint,Negative
complaints,Negative
complex,Negative
complicated,Negative
complication,Negative
complicit,Negative
compulsion,Negative
compulsive,Negative
concede,Negative
conceded,Negative
conceit,Negative
conceited,Negative
concen,Negative
concens,Negative
concern,Negative
concerned,Negative
concerns,Negative
concession,Negative
concessions,Negative
condemn,Negative
condemnable,Negative
condemnation,Negative
condemned,Negative
condemns,Negative
condescend,Negative
condescending,Negative
condescendingly,Negative
condescension,Negative
confess,Negative
confession,Negative
confessions,Negative
confined,Negative
conflict,Negative
conflicted,Negative
conflicting,Negative
conflicts,Negative
confound,Negative
confounded,Negative
confounding,Negative
confront,Negative
confrontation,Negative
confrontational,Negative
confuse,Negative
confused,Negative
confuses,Negative
confusing,Negative
confusion,Negative
confusions,Negative
congested,Negative
congestion,Negative
cons,Negative
conscons,Negative
conservative,Negative
conspicuous,Negative
conspicuously,Negative
conspiracies,Negative
conspiracy,Negative
conspirator,Negative
conspiratorial,Negative
conspire,Negative
consternation,Negative
contagious,Negative
contaminate,Negative
contaminated,Negative
contaminates,Negative
contaminating,Negative
contamination,Negative
contempt,Negative
contemptible,Negative
contemptuous,Negative
contemptuously,Negative
contend,Negative
contention,Negative
contentious,Negative
contort,Negative
contortions,Negative
contradict,Negative
contradiction,Negative
contradictory,Negative
contrariness,Negative
contravene,Negative
contrive,Negative
contrived,Negative
controversial,Negative
controversy,Negative
convoluted,Negative
corrode,Negative
corrosion,Negative
corrosions,Negative
corrosive,Negative
corrupt,Negative
corrupted,Negative
corrupting,Negative
corruption,Negative
corrupts,Negative
corruptted,Negative
costlier,Negative
costly,Negative
coupists,Negative
covetous,Negative
coward,Negative
cowardly,Negative
crabby,Negative
crack,Negative
cracked,Negative
cracks,Negative
craftily,Negative
craftly,Negative
crafty,Negative
cramp,Negative
cramped,Negative
cramping,Negative
cranky,Negative
crap,Negative
crappy,Negative
craps,Negative
crash,Negative
crashed,Negative
crashes,Negative
crashing,Negative
crass,Negative
craven,Negative
cravenly,Negative
craze,Negative
crazily,Negative
craziness,Negative
crazy,Negative
creak,Negative
creaking,Negative
creaks,Negative
credulous,Negative
creep,Negative
creeping,Negative
creeps,Negative
creepy,Negative
crept,Negative
crime,Negative
criminal,Negative
cringe,Negative
cringed,Negative
cringes,Negative
cripple,Negative
crippled,Negative
cripples,Negative
crippling,Negative
crisis,Negative
critic,Negative
critical,Negative
criticism,Negative
criticisms,Negative
criticize,Negative
criticized,Negative
criticizing,Negative
critics,Negative
cronyism,Negative
crook,Negative
crooked,Negative
crooks,Negative
crowded,Negative
crowdedness,Negative
crude,Negative
cruel,Negative
crueler,Negative
cruelest,Negative
cruelly,Negative
cruelness,Negative
cruelties,Negative
cruelty,Negative
crumble,Negative
crumbling,Negative
crummy,Negative
crumple,Negative
crumpled,Negative
crumples,Negative
crush,Negative
crushed,Negative
crushing,Negative
cry,Negative
culpable,Negative
culprit,Negative
cumbersome,Negative
cunt,Negative
cunts,Negative
cuplrit,Negative
curse,Negative
cursed,Negative
curses,Negative
curt,Negative
cuss,Negative
cussed,Negative
cutthroat,Negative
cynical,Negative
cynicism,Negative
d,Negative
damage,Negative
damaged,Negative
damages,Negative
damaging,Negative
damn,Negative
damnable,Negative
damnably,Negative
damnation,Negative
damned,Negative
damning,Negative
damper,Negative
danger,Negative
dangerous,Negative
dangerousness,Negative
dark,Negative
darken,Negative
darkened,Negative
darker,Negative
darkness,Negative
dastard,Negative
dastardly,Negative
daunt,Negative
daunting,Negative
dauntingly,Negative
dawdle,Negative
daze,Negative
dazed,Negative
dead,Negative
deadbeat,Negative
deadlock,Negative
deadly,Negative
deadweight,Negative
deaf,Negative
dearth,Negative
death,Negative
debacle,Negative
debase,Negative
debasement,Negative
debaser,Negative
debatable,Negative
debauch,Negative
debaucher,Negative
debauchery,Negative
debilitate,Negative
debilitating,Negative
debility,Negative
debt,Negative
debts,Negative
decadence,Negative
decadent,Negative
decay,Negative
decayed,Negative
deceit,Negative
deceitful,Negative
deceitfully,Negative
deceitfulness,Negative
deceive,Negative
deceiver,Negative
deceivers,Negative
deceiving,Negative
deception,Negative
deceptive,Negative
deceptively,Negative
declaim,Negative
decline,Negative
declines,Negative
declining,Negative
decrement,Negative
decrepit,Negative
decrepitude,Negative
decry,Negative
defamation,Negative
defamations,Negative
defamatory,Negative
defame,Negative
defect,Negative
defective,Negative
defects,Negative
defensive,Negative
defiance,Negative
defiant,Negative
defiantly,Negative
deficiencies,Negative
deficiency,Negative
deficient,Negative
defile,Negative
defiler,Negative
deform,Negative
deformed,Negative
defrauding,Negative
defunct,Negative
defy,Negative
degenerate,Negative
degenerately,Negative
degeneration,Negative
degradation,Negative
degrade,Negative

ros,Positive
rost,Positive
akklamation,Positive
accomplishment,Positive
præcis,Positive
nøjagtigt,Positive
opnåelig,Positive
præstation,Positive
præstationer,Positive
justerbar,Positive
beundring,Positive
beundre,Positive
beundrer,Positive
beundringsværdig,Positive
beundre,Positive
beundrede,Positive
adorer,Positive
beundrende,Positive
adorere,Positive
værdsættende,Positive
passende,Positive
godkendelse,Positive
godkende,Positive
forsikringer,Positive
forsikre,Positive
assurately,Positive
forbløffe,Positive
forbavset,Positive
forbløffende,Positive
forbløffende,Positive
bedre,Positive
beutifully,Positive
ulastelig,Positive
velsigne,Positive
fejret,Positive
fejring,Positive
festlig,Positive
mester,Positive
klarere,Positive
klart,Positive
klarer,Positive
klog,Positive
cleverly,Positive
tillid,Positive
selvsikker,Positive
sympatisk,Positive
lykønske,Positive
lykønskning,Positive
tillykke,Positive
lykønskende,Positive
anstændighed,Positive
anstændig,Positive
beslutsom,Positive
beslutningsdygtighed,Positive
engageret,Positive
oprigtigt,Positive
seriøsitet,Positive
lethed,Positive
eased,Positive
eases,Positive
easiest,Positive
easiness,Positive
easing,Positive
easy,Positive
easygoing,Positive
ebullience,Positive
ebullient,Positive
ebulliently,Positive
ecenomisk,Positive
økonomisk,Positive
ecstasies,Positive
ekstase,Positive
ekstatisk,Positive
ecstatically,Positive
opbygge,Positive
effektivitet,Positive
effektfuld,Positive
effektiv,Positive
effektiv,Positive
effektivt,Positive
ubesværet,Positive
ubesværet,Positive
effusion,Positive
udstrømmende,Positive
udstrømmende,Positive
effusivitet,Positive
elan,Positive
elate,Positive
elateret,Positive
elatedly,Positive
elektrificere,Positive
elegance,Positive
elegant,Positive
elegant,Positive
ophøje,Positive
elite,Positive
veltalenhed,Positive
veltalende,Positive
veltalende,Positive
opmuntrer,Positive
eminent,Positive
indleve,Positive
empati,Positive
empower,Positive
empowerment,Positive
fortryller,Positive
enchanted,Positive
fortryllende,Positive
encourage,Positive
opmuntring,Positive
opmuntrende,Positive
opmuntrende,Positive
indynde,Positive
endorsed,Positive
endorsement,Positive
endorses,Positive
endorsing,Positive
energisk,Positive
energize,Positive
engagerende,Positive
opslugende,Positive
forbedre,Positive
forbedret,Positive
forstærkning,Positive
forbedrer,Positive
nyde,Positive
enjoyable,Positive
enjoyably,Positive
nød,Positive
nyder,Positive
nyde,Positive
nyder,Positive
oplyse,Positive
oplysning,Positive
oplive,Positive
forædle,Positive
nok,Positive
forføre,Positive
henrykkelse,Positive
fortryllet,Positive
berige,Positive
berigelse,Positive
enterprising,Positive
underholde,Positive
underholdende,Positive
underholder,Positive
begejstre,Positive
enthrall,Positive
enthralled,Positive
enthuse,Positive
entusiasme,Positive
entusiast,Positive
entusiastisk,Positive
entusiastisk,Positive
lokke,Positive
lokket,Positive
lokkende,Positive
lokkende,Positive
betaget,Positive
fortryllende,Positive
betro,Positive
misundelsesværdig,Positive
misundelsesværdigt,Positive
misundelse,Positive
misundelig,Positive
retfærdig,Positive
ergonomisk,Positive
lærd,Positive
etisk,Positive
lovprise,Positive
eufori,Positive
euforisk,Positive
euforisk,Positive
evaluerende,Positive
jævnt,Positive
begivenhedsrig,Positive
evig,Positive
stemningsfuld,Positive
ophøje,Positive
ophøjelse,Positive
ophøjende,Positive
ophøjet,Positive
examplar,Positive
eksemplarisk,Positive
excallent,Positive
overgå,Positive
overskredet,Positive
exceeding,Positive
exceedingly,Positive
exceeds,Positive
excel,Positive
exceled,Positive
excelent,Positive
excellant,Positive
excelled,Positive
excellence,Positive
excellency,Positive
fremragende,Positive
fremragende,Positive
excellerer,Positive
exceptionel,Positive
exceptionelt,Positive
excite,Positive
excited,Positive
excitedly,Positive
excitedness,Positive
ophidselse,Positive
ophidser,Positive
exellent,Positive
spændende,Positive
oplivende,Positive
opstemthed,Positive
exonerate,Positive
ekspansiv,Positive
hurtigt,Positive
dygtigt,Positive
udsøgt,Positive
udsøgt,Positive
udråbe,Positive
fremhæve,Positive
ekstraordinært,Positive
ekstraordinær,Positive
overdådighed,Positive
overstrømmende,Positive
overstrømmende,Positive
exult,Positive
exultant,Positive
exultation,Positive
jublende,Positive
øjenfang,Positive
eyecatching,Positive
fabelagtig,Positive
fabelagtigt,Positive
lette,Positive
fair,Positive
retfærdighed,Positive
tro,Positive
troende,Positive
trofast,Positive
trofasthed,Positive
berømmelse,Positive
berømt,Positive
berømt,Positive
famously,Positive
fancier,Positive
fancinating,Positive
fancy,Positive
fanfare,Positive
fans,Positive
fantastisk,Positive
fantastisk,Positive
fascinerer,Positive
elsker,Positive

fascinerende,Positive
fascination,Positive
fashionable,Positive
moderigtigt,Positive
hurtig,Positive
hurtigere,Positive
hurtigste,Positive
fejlfri,Positive
fav,Positive
fave,Positive
favor,Positive
favorable,Positive
favored,Positive
favorite,Positive
favorited,Positive
favor,Positive
frygtløs,Positive
fearlessly,Positive
feasible,Positive
feasibly,Positive
feat,Positive
fecilitous,Positive
livlig,Positive
felicitere,Positive
lykkelig,Positive
felicity,Positive
fertile,Positive
ivrige,Positive
inderligt,Positive
ivrige,Positive
brændende,Positive
iver,Positive
festlig,Positive
fidelity,Positive
brændende,Positive
fin,Positive
fint,Positive
finere,Positive
fineste,Positive
fastere,Positive
prangende,Positive
fladere,Positive
smigrende,Positive
smigrende,Positive
fejlfri,Positive
fejlfrit,Positive
fleksibilitet,Positive
fleksibel,Positive
blomstre,Positive
blomstrende,Positive
flydende,Positive
flutter,Positive
glad,Positive
fondly,Positive
kærlighedsfølelse,Positive
idiotsikker,Positive
først og fremmest,Positive
forudseenhed,Positive
formidabel,Positive
styrke,Positive
heldig,Positive
tilfældig,Positive
heldig,Positive
heldigvis,Positive
lykke,Positive
velduftende,Positive
fri,Positive
befriet,Positive
frihed,Positive
friheder,Positive
frisk,Positive
friskere,Positive
friskeste,Positive
venlighed,Positive
venlig,Positive
frolic,Positive
sparsommelig,Positive
frugtbar,Positive
ftw,Positive
fulfillment,Positive
sjov,Positive
futurestic,Positive
futuristisk,Positive
munterhed,Positive
munter,Positive
sej,Positive
cool,Positive
gevinst,Positive
gained,Positive
gainful,Positive
gainfully,Positive
gaining,Positive
gains,Positive
galant,Positive
galantly,Positive
galore,Positive
nørdede,Positive
nørdet,Positive
perle,Positive
gems,Positive
generøsitet,Positive
generøs,Positive
generøst,Positive
blid,Positive
blidest,Positive
ægte,Positive
begavet,Positive
glamourøs,Positive
glæde,Positive
glædeligt,Positive
glimmer,Positive
glimmering,Positive
glitre,Positive
glitrende,Positive
glitter,Positive
glitz,Positive
glorify,Positive
glorværdig,Positive
gloriously,Positive
glory,Positive
glow,Positive
glødende,Positive
glowingly,Positive
guddommelig,Positive
godsend,Positive
guld,Positive
golden,Positive
god,Positive
goodly,Positive
godhed,Positive
goodwill,Positive
goood,Positive
gooood,Positive
gorgeous,Positive
gorgeously,Positive
grace,Positive
graceful,Positive
gracefully,Positive
gracious,Positive
graciøst,Positive
graciøsitet,Positive
grand,Positive
grandeur,Positive
taknemmelig,Positive
taknemmelig,Positive
taknemmelighed,Positive
tilfreds,Positive
glæder sig,Positive
gratify,Positive
gratifying,Positive
gratifyingly,Positive
taknemmelighed,Positive
stor,Positive
største,Positive
storhed,Positive
grin,Positive
banebrydende,Positive
garanti,Positive
vejledning,Positive
uden skyld,Positive
gåpåmod,Positive
gush,Positive
gusto,Positive
modig,Positive
hagl,Positive
halcyon,Positive
hale,Positive
kendetegn,Positive
kendetegn,Positive
hallowed,Positive
handier,Positive
handily,Positive
handsome,Positive
handsomely,Positive
handy,Positive
gladere,Positive
lykkelig,Positive
lykke,Positive
mere hårdfør,Positive
hårdfør,Positive
harmløs,Positive
harmonisk,Positive
harmonisk,Positive
harmonisere,Positive
harmony,Positive
fremgang,Positive

unormal,Negative
afskaffe,Negative
afskyelig,Negative
afskyeligt,Negative
abominate,Negative
afskyelig,Negative
abort,Negative
aborted,Negative
aborter,Negative
abrade,Negative
abrasive,Negative
abrupt,Negative
abruptly,Negative
abscond,Negative
fravær,Negative
absentee,Negative
absurd,Negative
absurditet,Negative
absurd,Negative
absurditet,Negative
misbrug,Negative
misbrugt,Negative
misbruger,Negative
misbruger,Negative
abysmal,Negative
abysmally,Negative
afgrund,Negative
utilsigtet,Negative
accost,Negative
forbandet,Negative
beskyldning,Negative
beskyldninger,Negative
accuse,Negative
accuses,Negative
beskylder,Negative
anklagende,Negative
acerbate,Negative
acerbic,Negative
acerbisk,Negative
ondt,Negative
ached,Negative
aches,Negative
achey,Negative
smertende,Negative
acrid,Negative
acridly,Negative
acridness,Negative
acrimonious,Negative
akrimonisk,Negative
akrimonisk,Negative
hårdnakket,Negative
hårdnakket,Negative
addict,Negative
addicted,Negative
addicting,Negative
addicts,Negative
admonish,Negative
admonisher,Negative
admonishingly,Negative
admonishment,Negative
admonition,Negative
adulterate,Negative
adulterated,Negative
adulteration,Negative
adulterier,Negative
adversarial,Negative
adversary,Negative
adverse,Negative
adversity,Negative
rammes,Negative
affliction,Negative
afflictive,Negative
affront,Negative
bange,Negative
aggravate,Negative
aggravating,Negative
aggravation,Negative
aggression,Negative

aggressor,Negative
aggrieve,Negative
aggrieved,Negative
aggrivation,Negative
aghast,Negative
agonies,Negative
agonize,Negative
agonizing,Negative
agonizingly,Negative
agony,Negative
grundstødt,Negative
ail,Negative
ailing,Negative
lidelse,Negative
aimless,Negative
alarm,Negative
alarmeret,Negative
alarmerende,Negative
alarmerende,Negative
alienate,Negative
alienated,Negative
alienation,Negative
påstand,Negative
påstande,Negative
påstås,Negative
allergisk,Negative
allergier,Negative
allergy,Negative
aloof,Negative
altercation,Negative
ambiguity,Negative
ambiguous,Negative
ambivalens,Negative
ambivalent,Negative
baghold,Negative
amiss,Negative
amputere,Negative
anarkisme,Negative
anarkist,Negative
anarkistisk,Negative
anarki,Negative
anemic,Negative
anger,Negative
angrily,Negative
angriness,Negative
angry,Negative
angusish,Negative
animosity,Negative
annihilate,Negative
annihilation,Negative
irritere,Negative
annoyance,Negative
annoyances,Negative
irriterede,Negative
irriterende,Negative
irriterende,Negative
irriterer,Negative
unormal,Negative
anomali,Negative
antagonisme,Negative
antagonist,Negative
antagonistisk,Negative
antagonize,Negative
antipati,Negative
antiquated,Negative
antithetical,Negative
anxies,Negative
angst,Negative
ængstelig,Negative
ængstelig,Negative
ængstelse,Negative
apatisk,Negative
apatisk,Negative
apati,Negative
apokalypse,Negative
apokalyptisk,Negative
apologet,Negative
apologeter,Negative
appal,Negative
appall,Negative
forfærdet,Negative
forfærdelig,Negative
forfærdeligt,Negative
apprehension,Negative
apprehensions,Negative
ængstelig,Negative
ængstelig,Negative
arbitrær,Negative
mystisk,Negative
arkaisk,Negative
besværlig,Negative
besværligt,Negative
argumentativ,Negative
arrogance,Negative
arrogant,Negative
arrogant,Negative
skamfuld,Negative
asinine,Negative
asininely,Negative
asinininity,Negative
askance,Negative
asperse,Negative
aspersion,Negative
aspersions,Negative
angribe,Negative
assassin,Negative
assassinate,Negative
assault,Negative
assault,Negative
astray,Negative
asunder,Negative
atrocious,Negative
grusomheder,Negative
grusomhed,Negative
atrophy,Negative
attack,Negative
angreb,Negative
audacious,Negative
audaciously,Negative
dristighed,Negative
dristighed,Negative
auditivt,Negative
streng,Negative
autoritær,Negative
autokrat,Negative
autokratisk,Negative
avalanche,Negative
avarice,Negative
avaricious,Negative
avariciously,Negative
hævde,Negative
averse,Negative
aversion,Negative
aweful,Negative
awful,Negative
awfully,Negative
awfulness,Negative
awkward,Negative
awkwardness,Negative
ax,Negative
babble,Negative
rygsmerter,Negative
rygsmerter,Negative
backaching,Negative
backbite,Negative
backbiting,Negative
backward,Negative
backwardness,Negative
backwood,Negative
backwoods,Negative
bad,Negative
badly,Negative
baffle,Negative
baffled,Negative
bafflement,Negative
baffling,Negative
lokkemad,Negative
balk,Negative
banal,Negative
banalize,Negative
bane,Negative
banish,Negative
banishment,Negative
bankrupt,Negative
barbarian,Negative
barbarisk,Negative
barbarically,Negative
barbarity,Negative
barbarous,Negative
barbarously,Negative
barbarisk,Negative
grundløs,Negative
bash,Negative
bashed,Negative
bashful,Negative
bashing,Negative
bastard,Negative
bastards,Negative
battered,Negative
battering,Negative
batty,Negative
bearish,Negative
beastly,Negative
bedlam,Negative
bedlamite,Negative
befoul,Negative
beg,Negative
beggar,Negative
beggarly,Negative
begging,Negative
beguile,Negative
belabor,Negative
belated,Negative
beleaguer,Negative
belie,Negative
belittle,Negative
belittled,Negative
belittling,Negative
bellicose,Negative
belligerence,Negative
belligerent,Negative
belligerently,Negative
beklagelig,Negative
beklagende,Negative
bemused,Negative
bent,Negative
berate,Negative
bereave,Negative
bereavement,Negative
berøvet,Negative
berserk,Negative
bebrejde,Negative
beset,Negative
belejre,Negative
besmirch,Negative
bestial,Negative
betray,Negative
betrayal,Negative
betrayals,Negative
betrayer,Negative
forråder,Negative
forråder,Negative
beklager,Negative
beware,Negative
forvirre,Negative
forvirret,Negative
forvirrende,Negative
forvirrende,Negative
forvirring,Negative
forhekselse,Negative
bias,Negative
biased,Negative
biases,Negative
skænderi,Negative
bickering,Negative
bigotries,Negative
bigotry,Negative
bitch,Negative
bitchy,Negative
biting,Negative
bitingly,Negative
bitter,Negative
bitterly,Negative
bitterness,Negative
bizar,Negative
blab,Negative
blabber,Negative
blackmail,Negative
blah,Negative
blame,Negative
blameworthy,Negative
bland,Negative
fadish,Negative
blaspheme,Negative
blasfemisk,Negative
blasfemi,Negative
blasted,Negative
blatant,Negative
blatantly,Negative
blather,Negative
dyster,Negative
bleakly,Negative
bleakness,Negative
bleed,Negative
bleeding,Negative
bløder,Negative
blemish,Negative
blind,Negative
blinding,Negative
blindingly,Negative
blindside,Negative
blister,Negative
blistering,Negative
oppustet,Negative
blokering,Negative

adequate,Neutral
anchored,Neutral
apathetic,Neutral
balanced,Neutral
bland,Neutral
clandestine,Neutral
commonplace,Neutral
complacent,Neutral
concealed,Neutral
conforming,Neutral
constant,Neutral
content,Neutral
drowsy,Neutral
durable,Neutral
enigmatic,Neutral
established,Neutral
exhausted,Neutral
explicit,Neutral
factual,Neutral
faithful,Neutral
fatigued,Neutral
fixed,Neutral
genuine,Neutral
graphic,Neutral
humble,Neutral
impartial,Neutral
indifferent,Neutral
informational,Neutral
jaded,Neutral
knowledgeable,Neutral
legitimate,Neutral
lifelike,Neutral
mediocre,Neutral
meek,Neutral
mellow,Neutral
moderate,Neutral
modest,Neutral
nonchalant,Neutral
objective,Neutral
obscure,Neutral
ordinary,Neutral
placid,Neutral
plainspoken,Neutral
presentable,Neutral
puzzling,Neutral
reported,Neutral
satisfied,Neutral
secretive,Neutral
sedate,Neutral
serene,Neutral
settled,Neutral
sluggish,Neutral
stable,Neutral
standard,Neutral
subdued,Neutral
tangible,Neutral
tolerable,Neutral
tranquil,Neutral
typical,Neutral
unassuming,Neutral
unbiased,Neutral
unchangeable,Neutral
unconcerned,Neutral
unintelligible,Neutral
unopinionated,Neutral
unpretentious,Neutral
veiled,Neutral
weary,Neutral
normal,Neutral
passende,Neutral
forankret,Neutral
apatisk,Neutral
afbalanceret,Neutral
intetsigende,Neutral
hemmelig,Neutral
almindelig,Neutral
selvtilfreds,Neutral
skjult,Neutral
konform,Neutral
konstant,Neutral
indhold,Neutral
søvnig,Neutral
holdbar,Neutral
gådefuld,Neutral
etableret,Neutral
udmattet,Neutral
eksplicit,Neutral
faktuel,Neutral
troværdig,Neutral
træt,Neutral
fastlåst,Neutral
ægte,Neutral
grafisk,Neutral
ydmyg,Neutral
upartisk,Neutral
ligegyldig,Neutral
informativ,Neutral
afstumpet,Neutral
vidende,Neutral
legitimt,Neutral
livagtig,Neutral
middelmådig,Neutral
blid,Neutral
mild,Neutral
moderat,Neutral
beskeden,Neutral
objektiv,Neutral
uklar,Neutral
fredfyldt,Neutral
præsentabel,Neutral
forvirrende,Neutral
rapporteret,Neutral
tilfreds,Neutral
hemmelighedsfuld,Neutral
beroligende,Neutral
rolig,Neutral
træg,Neutral
stabil,Neutral
standard,Neutral
afdæmpet,Neutral
håndgribelig,Neutral
tolerabel,Neutral
typisk,Neutral
ubesværet,Neutral
upartisk,Neutral
uforanderlig,Neutral
ubekymret,Neutral
uforståelig,Neutral
uhøjtidelig,Neutral
uhøjtidelig,Neutral
tilsløret,Neutral

heck,Negative
heckle,Negative
heckled,Negative
heckles,Negative
hectic,Negative
hedge,Negative
hedonistic,Negative
heedless,Negative
hefty,Negative
hegemonism,Negative
hegemonistic,Negative
hegemony,Negative
heinous,Negative
hell,Negative
hellion,Negative
hells,Negative
helpless,Negative
helplessly,Negative
helplessness,Negative
heresy,Negative
heretic,Negative
heretical,Negative
hesitant,Negative
hestitant,Negative
hideous,Negative
hideously,Negative
hideousness,Negative
hiliarious,Negative
hinder,Negative
hindrance,Negative
hiss,Negative
hissed,Negative
hissing,Negative
hoax,Negative
hobble,Negative
hogs,Negative
hollow,Negative
hoodium,Negative
hoodwink,Negative
hooligan,Negative
hopeless,Negative
hopelessly,Negative
hopelessness,Negative
horde,Negative
horrendous,Negative
horrendously,Negative
horrible,Negative
horrid,Negative
horrific,Negative
horrified,Negative
horrifies,Negative
horrify,Negative
horrifying,Negative
horrifys,Negative
hostage,Negative
hostile,Negative
hostilities,Negative
hostility,Negative
hotbeds,Negative
hothead,Negative
hotheaded,Negative
hothouse,Negative
hubris,Negative
huckster,Negative
hum,Negative
humid,Negative
humiliate,Negative
humiliating,Negative
humiliation,Negative
humming,Negative
hung,Negative
hurt,Negative
hurted,Negative
hurtful,Negative
hurting,Negative
hurts,Negative
hustler,Negative
hype,Negative
hypocricy,Negative
hypocrisy,Negative
hypocrite,Negative
hypocrites,Negative
hypocritical,Negative
hypocritically,Negative
hysteria,Negative
hysteric,Negative
hysterical,Negative
hysterically,Negative
hysterics,Negative
idiocies,Negative
idiocy,Negative
idiot,Negative
idiotic,Negative
idiotically,Negative
idiots,Negative
idle,Negative
ignoble,Negative
ignominious,Negative
ignominiously,Negative
ignominy,Negative
ignorance,Negative
ignorant,Negative
ignore,Negative
illegal,Negative
illegally,Negative
illegitimate,Negative
illicit,Negative
illiterate,Negative
illness,Negative
illogic,Negative
illogical,Negative
illogically,Negative
illusion,Negative
illusions,Negative
illusory,Negative
imaginary,Negative
imbalance,Negative
imbecile,Negative
imbroglio,Negative
immaterial,Negative
immature,Negative
imminence,Negative
imminently,Negative
immobilized,Negative
immoderate,Negative
immoderately,Negative
immodest,Negative
immoral,Negative
immorality,Negative
immorally,Negative
immovable,Negative
impair,Negative
impaired,Negative
impasse,Negative
impatience,Negative
impatient,Negative
impatiently,Negative
impeach,Negative
impedance,Negative
impede,Negative
impediment,Negative
impending,Negative
impenitent,Negative
imperfect,Negative
imperfection,Negative
imperfections,Negative
imperfectly,Negative
imperialist,Negative
imperil,Negative
imperious,Negative
imperiously,Negative
impermissible,Negative
impersonal,Negative
impertinent,Negative
impetuous,Negative
impetuously,Negative
impiety,Negative
impinge,Negative
impious,Negative
implacable,Negative
implausible,Negative
implausibly,Negative
implicate,Negative
implication,Negative
implode,Negative
impolite,Negative
impolitely,Negative
impolitic,Negative
importunate,Negative
importune,Negative
impose,Negative
imposers,Negative
imposing,Negative
imposition,Negative
impossible,Negative
impossiblity,Negative
impossibly,Negative
impotent,Negative
impoverish,Negative
impoverished,Negative
impractical,Negative
imprecate,Negative
imprecise,Negative
imprecisely,Negative
imprecision,Negative
imprison,Negative
imprisonment,Negative
improbability,Negative
improbable,Negative
improbably,Negative
improper,Negative
improperly,Negative
impropriety,Negative
imprudence,Negative
imprudent,Negative
impudence,Negative
impudent,Negative
impudently,Negative
impugn,Negative
impulsive,Negative
impulsively,Negative
impunity,Negative
impure,Negative
impurity,Negative
inability,Negative
inaccuracies,Negative
inaccuracy,Negative
inaccurate,Negative
inaccurately,Negative
inaction,Negative
inactive,Negative
inadequacy,Negative
inadequate,Negative
inadequately,Negative
inadverent,Negative
inadverently,Negative
inadvisable,Negative
inadvisably,Negative
inane,Negative
inanely,Negative
inappropriate,Negative
inappropriately,Negative
inapt,Negative
inaptitude,Negative
inarticulate,Negative
inattentive,Negative
inaudible,Negative
incapable,Negative
incapably,Negative
incautious,Negative
incendiary,Negative
incense,Negative
incessant,Negative
incessantly,Negative
incite,Negative
incitement,Negative
incivility,Negative
inclement,Negative
incognizant,Negative
incoherence,Negative
incoherent,Negative
incoherently,Negative
incommensurate,Negative
incomparable,Negative
incomparably,Negative
incompatability,Negative
incompatibility,Negative
incompatible,Negative
incompetence,Negative
incompetent,Negative
incompetently,Negative
incomplete,Negative
incompliant,Negative
incomprehensible,Negative
incomprehension,Negative
inconceivable,Negative
inconceivably,Negative
incongruous,Negative
incongruously,Negative
inconsequent,Negative
inconsequential,Negative
inconsequentially,Negative
inconsequently,Negative
inconsiderate,Negative
inconsiderately,Negative
inconsistence,Negative
inconsistencies,Negative
inconsistency,Negative
inconsistent,Negative
inconsolable,Negative
inconsolably,Negative
inconstant,Negative
inconvenience,Negative
inconveniently,Negative
incorrect,Negative
incorrectly,Negative
incorrigible,Negative
incorrigibly,Negative
incredulous,Negative
incredulously,Negative
inculcate,Negative
indecency,Negative
indecent,Negative
indecently,Negative
indecision,Negative
indecisive,Negative
indecisively,Negative
indecorum,Negative
indefensible,Negative
indelicate,Negative
indeterminable,Negative
indeterminably,Negative
indeterminate,Negative
indifference,Negative
indifferent,Negative
indigent,Negative
indignant,Negative
indignantly,Negative
indignation,Negative
indignity,Negative
indiscernible,Negative
indiscreet,Negative
indiscreetly,Negative
indiscretion,Negative
indiscriminate,Negative
indiscriminately,Negative
indiscriminating,Negative
indistinguishable,Negative
indoctrinate,Negative
indoctrination,Negative
indolent,Negative
indulge,Negative
ineffective,Negative
ineffectively,Negative
ineffectiveness,Negative
ineffectual,Negative
ineffectually,Negative
ineffectualness,Negative
inefficacious,Negative
inefficacy,Negative
inefficiency,Negative
inefficient,Negative
inefficiently,Negative
inelegance,Negative
inelegant,Negative
ineligible,Negative
ineloquent,Negative
ineloquently,Negative
inept,Negative
ineptitude,Negative
ineptly,Negative
inequalities,Negative
inequality,Negative
inequitable,Negative
inequitably,Negative
inequities,Negative
inescapable,Negative
inescapably,Negative
inessential,Negative
inevitable,Negative
inevitably,Negative
inexcusable,Negative
inexcusably,Negative
inexorable,Negative
inexorably,Negative
inexperience,Negative
inexperienced,Negative
inexpert,Negative
inexpertly,Negative
inexpiable,Negative
inexplainable,Negative
inextricable,Negative
inextricably,Negative
infamous,Negative
infamously,Negative
infamy,Negative
infected,Negative
infection,Negative
infections,Negative
inferior,Negative
inferiority,Negative
infernal,Negative
infest,Negative
infested,Negative
infidel,Negative
infidels,Negative
infiltrator,Negative
infiltrators,Negative
infirm,Negative
inflame,Negative
inflammation,Negative
inflammatory,Negative
inflammed,Negative
inflated,Negative
inflationary,Negative
inflexible,Negative
inflict,Negative
infraction,Negative
infringe,Negative
infringement,Negative
infringements,Negative
infuriate,Negative
infuriated,Negative
infuriating,Negative
infuriatingly,Negative
inglorious,Negative
ingrate,Negative
ingratitude,Negative
inhibit,Negative
inhibition,Negative
inhospitable,Negative
inhospitality,Negative
inhuman,Negative
inhumane,Negative
inhumanity,Negative
inimical,Negative
inimically,Negative
iniquitous,Negative
iniquity,Negative
injudicious,Negative
injure,Negative
injurious,Negative
injury,Negative
injustice,Negative
injustices,Negative
innuendo,Negative
inoperable,Negative
inopportune,Negative
inordinate,Negative
inordinately,Negative
insane,Negative
insanely,Negative
insanity,Negative
insatiable,Negative
insecure,Negative
insecurity,Negative
insensible,Negative
insensitive,Negative
insensitively,Negative
insensitivity,Negative
insidious,Negative
insidiously,Negative
insignificance,Negative
insignificant,Negative
insignificantly,Negative
insincere,Negative
insincerely,Negative
insincerity,Negative
insinuate,Negative
insinuating,Negative
insinuation,Negative
insociable,Negative
insolence,Negative
insolent,Negative
insolently,Negative
insolvent,Negative
insouciance,Negative
instability,Negative
instable,Negative
instigate,Negative
instigator,Negative
instigators,Negative
insubordinate,Negative
insubstantial,Negative
insubstantially,Negative
insufferable,Negative
insufferably,Negative
insufficiency,Negative
insufficient,Negative
insufficiently,Negative
insular,Negative
insult,Negative
insulted,Negative
insulting,Negative
insultingly,Negative
insults,Negative
insupportable,Negative
insupportably,Negative
insurmountable,Negative
insurmountably,Negative
insurrection,Negative
intefere,Negative
inteferes,Negative
intense,Negative
interfere,Negative
interference,Negative
interferes,Negative
intermittent,Negative
interrupt,Negative
interruption,Negative
interruptions,Negative
intimidate,Negative
intimidating,Negative
intimidatingly,Negative
intimidation,Negative
intolerable,Negative
intolerablely,Negative
intolerance,Negative
intoxicate,Negative
intractable,Negative
intransigence,Negative
intransigent,Negative
intrude,Negative
intrusion,Negative
intrusive,Negative
inundate,Negative
inundated,Negative
invader,Negative
invalid,Negative
invalidate,Negative
invalidity,Negative
invasive,Negative
invective,Negative
inveigle,Negative
invidious,Negative
invidiously,Negative
invidiousness,Negative
invisible,Negative
involuntarily,Negative
involuntary,Negative
irascible,Negative
irate,Negative
irately,Negative
ire,Negative
irk,Negative
irked,Negative
irking,Negative
irks,Negative
irksome,Negative
irksomely,Negative
irksomeness,Negative
irksomenesses,Negative
ironic,Negative
ironical,Negative
ironically,Negative
ironies,Negative
irony,Negative
irragularity,Negative
irrational,Negative
irrationalities,Negative
irrationality,Negative
irrationally,Negative
irrationals,Negative
irreconcilable,Negative
irrecoverable,Negative
irrecoverableness,Negative
irrecoverablenesses,Negative
irrecoverably,Negative
irredeemable,Negative
irredeemably,Negative
irreformable,Negative
irregular,Negative
irregularity,Negative
irrelevance,Negative
irrelevant,Negative
irreparable,Negative
irreplacible,Negative
irrepressible,Negative
irresolute,Negative
irresolvable,Negative
irresponsible,Negative
irresponsibly,Negative
irretating,Negative
irretrievable,Negative
irreversible,Negative
irritable,Negative
irritably,Negative
irritant,Negative
irritate,Negative
irritated,Negative
irritating,Negative
irritation,Negative
irritations,Negative
isolate,Negative
isolated,Negative
isolation,Negative
issue,Negative
issues,Negative
itch,Negative
itching,Negative
itchy,Negative
jabber,Negative
jaded,Negative
jagged,Negative
jam,Negative
jarring,Negative
jaundiced,Negative
jealous,Negative
jealously,Negative
jealousness,Negative
jealousy,Negative
jeer,Negative
jeering,Negative
jeeringly,Negative
jeers,Negative
jeopardize,Negative
jeopardy,Negative
jerk,Negative
jerky,Negative
jitter,Negative
jitters,Negative
jittery,Negative
jobless,Negative
joke,Negative
joker,Negative
jolt,Negative
judder,Negative
juddering,Negative
judders,Negative
jumpy,Negative
junk,Negative
junky,Negative
junkyard,Negative
jutter,Negative
jutters,Negative
kaput,Negative
kill,Negative
killed,Negative
killer,Negative
killing,Negative
killjoy,Negative
kills,Negative
knave,Negative
knife,Negative
knock,Negative
knotted,Negative
kook,Negative
kooky,Negative
lack,Negative
lackadaisical,Negative
lacked,Negative
lackey,Negative
lackeys,Negative
lacking,Negative
lackluster,Negative
lacks,Negative
laconic,Negative
lag,Negative
lagged,Negative
lagging,Negative
laggy,Negative
lags,Negative
lambast,Negative
lambaste,Negative
lame,Negative
lament,Negative
lamentable,Negative
lamentably,Negative
languid,Negative
languish,Negative
languor,Negative
languorous,Negative
languorously,Negative
lanky,Negative
lapse,Negative
lapsed,Negative
lapses,Negative
lascivious,Negative
latency,Negative
laughable,Negative
laughably,Negative
laughingstock,Negative
lawbreaker,Negative
lawbreaking,Negative
lawless,Negative
lawlessness,Negative
layoff,Negative
lazy,Negative
leak,Negative
leakage,Negative
leakages,Negative
leaking,Negative
leaks,Negative
leaky,Negative
lech,Negative
lecher,Negative
lecherous,Negative
lechery,Negative
leech,Negative
leer,Negative
leery,Negative
lemon,Negative
lengthy,Negative
letch,Negative
lethal,Negative
lethargic,Negative
lethargy,Negative
lewd,Negative
lewdly,Negative
lewdness,Negative
liability,Negative
liable,Negative
liar,Negative
liars,Negative
licentious,Negative
licentiously,Negative
licentiousness,Negative
lie,Negative
lied,Negative
lier,Negative
lies,Negative
limit,Negative
limitation,Negative
limitations,Negative
limited,Negative
limits,Negative
limp,Negative
listless,Negative
litigious,Negative
livid,Negative
lividly,Negative
loath,Negative
loathe,Negative
loathing,Negative
loathly,Negative
loathsome,Negative
loathsomely,Negative
lone,Negative
loneliness,Negative
lonely,Negative
loner,Negative
lonesome,Negative
longing,Negative
longingly,Negative
loophole,Negative
loopholes,Negative
loose,Negative
loot,Negative
lorn,Negative
lose,Negative
loser,Negative
losers,Negative
loses,Negative
losing,Negative
loss,Negative
losses,Negative
lost,Negative
loud,Negative
louder,Negative
lousy,Negative
loveless,Negative
lovelorn,Negative
lowly,Negative
ludicrous,Negative
ludicrously,Negative
lugubrious,Negative
lukewarm,Negative
lull,Negative
lumpy,Negative
lunatic,Negative
lunaticism,Negative
lurch,Negative
lure,Negative
lurid,Negative
lurk,Negative
lurking,Negative
lying,Negative
macabre,Negative
mad,Negative
madden,Negative
maddening,Negative
malice,Negative
malicious,Negative
maliciously,Negative
maliciousness,Negative
malign,Negative
malignant,Negative
malodorous,Negative
maltreatment,Negative
mangle,Negative
mangled,Negative
mangles,Negative
mangling,Negative
mania,Negative
maniac,Negative
maniacal,Negative
manic,Negative
manipulate,Negative
manipulation,Negative
manipulative,Negative
manipulators,Negative
mar,Negative
marginal,Negative
marginally,Negative
martyrdom,Negative
mashed,Negative
massacre,Negative
massacres,Negative
matte,Negative
mawkish,Negative
mawkishly,Negative
mawkishness,Negative
meager,Negative
meaningless,Negative
meanness,Negative
measly,Negative
meddle,Negative
meddlesome,Negative
mediocre,Negative
mediocrity,Negative
melancholy,Negative
melodramatic,Negative
melodramatically,Negative
meltdown,Negative
menace,Negative
menacing,Negative
menacingly,Negative
mendacious,Negative
mendacity,Negative
menial,Negative
merciless,Negative
mercilessly,Negative
mess,Negative
messed,Negative
messes,Negative
messing,Negative
messy,Negative
midget,Negative
miff,Negative
militancy,Negative
mindless,Negative
mindlessly,Negative
mirage,Negative
mire,Negative
misalign,Negative
misaligned,Negative
misaligns,Negative
misapprehend,Negative
misbecome,Negative
misbecoming,Negative
misbegotten,Negative
misbehave,Negative
misbehavior,Negative
miscalculate,Negative
miscalculation,Negative
miscellaneous,Negative
mischief,Negative
mischievous,Negative
mischievously,Negative
misconception,Negative
misconceptions,Negative
miscreant,Negative
miscreants,Negative
misdirection,Negative
miser,Negative
miserable,Negative
miserableness,Negative
miserably,Negative
miseries,Negative
miserly,Negative
misery,Negative
misfit,Negative
misfortune,Negative
misgiving,Negative
misgivings,Negative
misguidance,Negative
misguide,Negative
misguided,Negative
mishandle,Negative
mishap,Negative
misinform,Negative
misinformed,Negative
misinterpret,Negative
misjudge,Negative
misjudgment,Negative
mislead,Negative
misleading,Negative
misleadingly,Negative
mislike,Negative
mismanage,Negative
mispronounce,Negative
mispronounced,Negative
mispronounces,Negative
misread,Negative
misreading,Negative
misrepresent,Negative
misrepresentation,Negative
miss,Negative
missed,Negative
misses,Negative
misstatement,Negative
mist,Negative
mistake,Negative
mistaken,Negative
mistakenly,Negative
mistakes,Negative
mistified,Negative
mistress,Negative
mistrust,Negative
mistrustful,Negative
mistrustfully,Negative
mists,Negative
misunderstand,Negative
misunderstanding,Negative
misunderstandings,Negative
misunderstood,Negative
misuse,Negative
moan,Negative
mobster,Negative
mock,Negative
mocked,Negative
mockeries,Negative
mockery,Negative
mocking,Negative
mockingly,Negative
mocks,Negative
molest,Negative
molestation,Negative
monotonous,Negative
monotony,Negative
monster,Negative
monstrosities,Negative
monstrosity,Negative
monstrous,Negative
monstrously,Negative
moody,Negative
moot,Negative
mope,Negative
morbid,Negative
morbidly,Negative
mordant,Negative
mordantly,Negative
moribund,Negative
moron,Negative
moronic,Negative
morons,Negative
mortification,Negative
mortified,Negative
mortify,Negative
mortifying,Negative
motionless,Negative
motley,Negative
mourn,Negative
mourner,Negative
mournful,Negative
mournfully,Negative
muddle,Negative
muddy,Negative
mudslinger,Negative
mudslinging,Negative
mulish,Negative
mundane,Negative
murder,Negative
murderer,Negative
murderous,Negative
murderously,Negative
murky,Negative
mushy,Negative
musty,Negative
mysterious,Negative
mysteriously,Negative
mystery,Negative
mystify,Negative
myth,Negative
nag,Negative
nagging,Negative
naive,Negative
naively,Negative
narrower,Negative
nastily,Negative
nastiness,Negative
nasty,Negative
naughty,Negative
nauseate,Negative
nauseates,Negative
nauseating,Negative
nauseatingly,Negative
na�ve,Negative
nebulous,Negative
nebulously,Negative
needless,Negative
needlessly,Negative
needy,Negative
nefarious,Negative
nefariously,Negative
negate,Negative
negation,Negative
negative,Negative
negatives,Negative
negativity,Negative
neglect,Negative
neglected,Negative
negligence,Negative
negligent,Negative
nemesis,Negative
nepotism,Negative
nervous,Negative
nervously,Negative
nervousness,Negative
nettle,Negative
nettlesome,Negative
neurotic,Negative
neurotically,Negative
niggle,Negative
niggles,Negative
nightmare,Negative
nightmarish,Negative
nightmarishly,Negative
nitpick,Negative
nitpicking,Negative
noise,Negative
noises,Negative
noisier,Negative
noisy,Negative
nonexistent,Negative
nonresponsive,Negative
nonsense,Negative
nosey,Negative
notoriety,Negative
notorious,Negative
notoriously,Negative
noxious,Negative
nuisance,Negative
numb,Negative
objectionable,Negative
objections,Negative
oblique,Negative
obliterate,Negative
obliterated,Negative
oblivious,Negative
obnoxious,Negative
obnoxiously,Negative
obscene,Negative
obscenely,Negative
obscenity,Negative
obscure,Negative
obscured,Negative
obscures,Negative
obscurity,Negative
obsess,Negative
obsessive,Negative
obsessively,Negative
obsessiveness,Negative
obsolete,Negative
obstacle,Negative
obstinate,Negative
obstinately,Negative
obstruct,Negative
obstructed,Negative
obstructing,Negative
obstruction,Negative
obstructs,Negative
obtrusive,Negative
obtuse,Negative
occlude,Negative
occluded,Negative
occludes,Negative
occluding,Negative
odd,Negative
odder,Negative
oddest,Negative
oddities,Negative
oddity,Negative
oddly,Negative
odor,Negative
offence,Negative
offend,Negative
offender,Negative
offending,Negative
offenses,Negative
offensive,Negative
offensively,Negative
offensiveness,Negative
officious,Negative
ominous,Negative
ominously,Negative
omission,Negative
omit,Negative
onerous,Negative
onerously,Negative
onslaught,Negative
opinionated,Negative
opponent,Negative
opportunistic,Negative
oppose,Negative
opposition,Negative
oppositions,Negative
oppress,Negative
oppression,Negative
oppressive,Negative
oppressively,Negative
oppressiveness,Negative
oppressors,Negative
ordeal,Negative
orphan,Negative
ostracize,Negative
outbreak,Negative
outburst,Negative
outbursts,Negative
outcast,Negative
outcry,Negative
outlaw,Negative
outmoded,Negative
outrage,Negative
outraged,Negative
outrageous,Negative
outrageously,Negative
outrageousness,Negative
outrages,Negative
outsider,Negative
overact,Negative
overacted,Negative
overawe,Negative
overbalance,Negative
overbalanced,Negative
overbearing,Negative
overbearingly,Negative
overblown,Negative
overdo,Negative
overdone,Negative
overdue,Negative
overemphasize,Negative
overheat,Negative
overkill,Negative
overloaded,Negative
overlook,Negative
overpaid,Negative
overpayed,Negative
overplay,Negative
overpower,Negative
overpriced,Negative
overrated,Negative
overreach,Negative
overrun,Negative
overshadow,Negative
oversight,Negative
oversights,Negative
oversimplification,Negative
oversimplified,Negative
oversimplify,Negative
oversize,Negative
overstate,Negative
overstated,Negative
overstatement,Negative
overstatements,Negative
overstates,Negative
overtaxed,Negative
overthrow,Negative
overthrows,Negative
overturn,Negative
overweight,Negative
overwhelm,Negative
overwhelmed,Negative
overwhelming,Negative
overwhelmingly,Negative
overwhelms,Negative
overzealous,Negative
overzealously,Negative
overzelous,Negative
pain,Negative
painful,Negative
painfull,Negative
painfully,Negative
pains,Negative
pale,Negative
pales,Negative
paltry,Negative
pan,Negative
pander,Negative
pandering,Negative
panders,Negative
panic,Negative
panick,Negative
panicked,Negative
panicking,Negative
panicky,Negative
partiality,Negative
partisan,Negative
partisans,Negative
passe,Negative
passive,Negative
passiveness,Negative
pathetic,Negative
pathetically,Negative
pertinacious,Negative
pertinaciously,Negative
pertinacity,Negative
perturb,Negative
perturbed,Negative
pervasive,Negative
perverse,Negative
perversely,Negative
perversion,Negative
perversity,Negative
pervert,Negative
perverted,Negative
perverts,Negative
pessimism,Negative
pessimistic,Negative
pessimistically,Negative
pest,Negative
pestilent,Negative
petrified,Negative
petrify,Negative
pettifog,Negative
petty,Negative
phobia,Negative
phobic,Negative
phony,Negative
picket,Negative
picketed,Negative
picketing,Negative
pickets,Negative
picky,Negative
pig,Negative
pigs,Negative
pillage,Negative
pillory,Negative
pimple,Negative
pinch,Negative
pique,Negative
pitiable,Negative
pitiful,Negative
pitifully,Negative
pitiless,Negative
pitilessly,Negative
pittance,Negative
pity,Negative
plagiarize,Negative
plague,Negative
plasticky,Negative
plaything,Negative
plea,Negative
pleas,Negative
plebeian,Negative
plight,Negative
plot,Negative
plotters,Negative
ploy,Negative
plunder,Negative
plunderer,Negative
pointless,Negative
pointlessly,Negative
poison,Negative
poisonous,Negative
poisonously,Negative
pokey,Negative
poky,Negative
polarisation,Negative
polemize,Negative
pollute,Negative
polluter,Negative
polluters,Negative
polution,Negative
pompous,Negative
poor,Negative
poorer,Negative
poorest,Negative
poorly,Negative
posturing,Negative
pout,Negative
poverty,Negative
powerless,Negative
prate,Negative
pratfall,Negative
prattle,Negative
precarious,Negative
precariously,Negative
precipitate,Negative
precipitous,Negative
predatory,Negative
predicament,Negative
prejudge,Negative
prejudice,Negative
prejudices,Negative
prejudicial,Negative
premeditated,Negative
preoccupy,Negative
preposterous,Negative
preposterously,Negative
presumptuous,Negative
presumptuously,Negative
pretence,Negative
pretend,Negative
pretense,Negative
pretentious,Negative
pretentiously,Negative
prevaricate,Negative
pricey,Negative
pricier,Negative
prick,Negative
prickle,Negative
prickles,Negative
prideful,Negative
prik,Negative
primitive,Negative
prison,Negative
prisoner,Negative
problem,Negative
problematic,Negative
problems,Negative
procrastinate,Negative
procrastinates,Negative
procrastination,Negative
profane,Negative
profanity,Negative
prohibit,Negative
prohibitive,Negative
prohibitively,Negative
propaganda,Negative
propagandize,Negative
proprietary,Negative
prosecute,Negative
protest,Negative
protested,Negative
protesting,Negative
protests,Negative
protracted,Negative
provocation,Negative
provocative,Negative
provoke,Negative
pry,Negative
pugnacious,Negative
pugnaciously,Negative
pugnacity,Negative
punch,Negative
punish,Negative
punishable,Negative
punitive,Negative
punk,Negative
puny,Negative
puppet,Negative
puppets,Negative
puzzled,Negative
puzzlement,Negative
puzzling,Negative
quack,Negative
qualm,Negative
qualms,Negative
quandary,Negative
quarrel,Negative
quarrellous,Negative
quarrellously,Negative
quarrels,Negative
quarrelsome,Negative
quash,Negative
queer,Negative
questionable,Negative
quibble,Negative
quibbles,Negative
quitter,Negative
rabid,Negative
racism,Negative
racist,Negative
racists,Negative
racy,Negative
radical,Negative
radicalization,Negative
radically,Negative
radicals,Negative
rage,Negative
ragged,Negative
raging,Negative
rail,Negative
raked,Negative
ramshackle,Negative
rancor,Negative
randomly,Negative
rankle,Negative
rant,Negative
ranted,Negative
ranting,Negative
rantingly,Negative
rants,Negative
rascal,Negative
rascals,Negative
rash,Negative
rattle,Negative
rattled,Negative
rattles,Negative
ravage,Negative
raving,Negative
reactionary,Negative
rebellious,Negative
rebuff,Negative
rebuke,Negative
recalcitrant,Negative
recant,Negative
recession,Negative
recessionary,Negative
reckless,Negative
recklessly,Negative
recklessness,Negative
recoil,Negative
recourses,Negative
redundancy,Negative
redundant,Negative
refusal,Negative
refuse,Negative
refused,Negative
refuses,Negative
refusing,Negative
refutation,Negative
refute,Negative
refuted,Negative
refutes,Negative
refuting,Negative
regress,Negative
regression,Negative
regressive,Negative
regret,Negative
regreted,Negative
regretful,Negative
regretfully,Negative
regrets,Negative
regrettable,Negative
regrettably,Negative
regretted,Negative
reject,Negative
rejected,Negative
rejecting,Negative
rejection,Negative
rejects,Negative
relentless,Negative
relentlessly,Negative
relentlessness,Negative
reluctance,Negative
reluctant,Negative
reluctantly,Negative
remorse,Negative
remorseful,Negative
remorsefully,Negative
remorseless,Negative
remorselessly,Negative
remorselessness,Negative
renounce,Negative
renunciation,Negative
reprimand,Negative
reproach,Negative
reproachful,Negative
reprove,Negative
reprovingly,Negative
repudiate,Negative
repudiation,Negative
repugn,Negative
repugnance,Negative
repugnant,Negative
repugnantly,Negative
repulse,Negative
repulsed,Negative
repulsing,Negative
repulsive,Negative
repulsively,Negative
repulsiveness,Negative
resent,Negative
resentful,Negative
resentment,Negative
resignation,Negative
resigned,Negative
resistance,Negative
restless,Negative
restlessness,Negative
restrict,Negative
restricted,Negative
restriction,Negative
restrictive,Negative
resurgent,Negative
retaliate,Negative
retaliatory,Negative
retard,Negative
retarded,Negative
retardedness,Negative
retards,Negative
reticent,Negative
retract,Negative
retreat,Negative
retreated,Negative
revenge,Negative
revengeful,Negative
revengefully,Negative
revert,Negative
revile,Negative
reviled,Negative
revoke,Negative
revolt,Negative
revolting,Negative
revoltingly,Negative
revulsion,Negative
revulsive,Negative
rhapsodize,Negative
rhetoric,Negative
rhetorical,Negative
ricer,Negative
ridicule,Negative
ridicules,Negative
ridiculous,Negative
ridiculously,Negative
rife,Negative
rift,Negative
rifts,Negative
rigid,Negative
rigidity,Negative
rigidness,Negative
rile,Negative
riled,Negative
rip,Negative
ripoff,Negative
ripped,Negative
risk,Negative
risks,Negative
risky,Negative
rival,Negative
rivalry,Negative
roadblocks,Negative
rocky,Negative
rogue,Negative
rollercoaster,Negative
rot,Negative
rotten,Negative
rough,Negative
rremediable,Negative
rubbish,Negative
rude,Negative
rue,Negative
ruffian,Negative
ruffle,Negative
ruin,Negative
ruined,Negative
ruining,Negative
ruinous,Negative
ruins,Negative
rumbling,Negative
rumor,Negative
rumors,Negative
rumours,Negative
rumple,Negative
runaway,Negative
rupture,Negative
rust,Negative
rusts,Negative
rusty,Negative
rut,Negative
ruthless,Negative
ruthlessly,Negative
ruthlessness,Negative
ruts,Negative
sabotage,Negative
sack,Negative
sad,Negative
sadden,Negative
sadly,Negative
sadness,Negative
sag,Negative
sagged,Negative
sagging,Negative
saggy,Negative
sags,Negative
salacious,Negative
sanctimonious,Negative
sap,Negative
sarcastically,Negative
sardonic,Negative
sardonically,Negative
sass,Negative
satirical,Negative
satirize,Negative
savage,Negative
savaged,Negative
savagery,Negative
savages,Negative
scaly,Negative
scam,Negative
scams,Negative
scandal,Negative
scandalize,Negative
scandalized,Negative
scandalous,Negative
scandalously,Negative
scandals,Negative
scandel,Negative
scandels,Negative
scant,Negative
scapegoat,Negative
scar,Negative
scarce,Negative
scarcely,Negative
scarcity,Negative
scare,Negative
scared,Negative
scarier,Negative
scariest,Negative
scarily,Negative
scarred,Negative
scars,Negative
scary,Negative
scathing,Negative
scathingly,Negative
sceptical,Negative
scoff,Negative
scoffingly,Negative
scold,Negative
scolded,Negative
scolding,Negative
scoldingly,Negative
scorching,Negative
scorchingly,Negative
scorn,Negative
scornful,Negative
scornfully,Negative
scoundrel,Negative
scourge,Negative
scowl,Negative
scramble,Negative
scrambled,Negative
scrambles,Negative
scrambling,Negative
scrap,Negative
scratch,Negative
scratched,Negative
scratches,Negative
scratchy,Negative
scream,Negative
screech,Negative
screwed,Negative
screwy,Negative
scuff,Negative
scuffs,Negative
scum,Negative
scummy,Negative
secretive,Negative
sedentary,Negative
seedy,Negative
seethe,Negative
seething,Negative
selfinterested,Negative
selfish,Negative
selfishly,Negative
selfishness,Negative
senile,Negative
sensationalize,Negative
senseless,Negative
senselessly,Negative
seriousness,Negative
sermonize,Negative
servitude,Negative
setback,Negative
setbacks,Negative
sever,Negative
severe,Negative
severity,Negative
shit,Negative
sh*t,Negative
shabby,Negative
shadowy,Negative
shady,Negative
shake,Negative
shaky,Negative
shallow,Negative
sham,Negative
shambles,Negative
shame,Negative
shameful,Negative
shamefully,Negative
shamefulness,Negative
shameless,Negative
shamelessly,Negative
shamelessness,Negative
shark,Negative
sharply,Negative
shatter,Negative
shemale,Negative
shimmer,Negative
shimmy,Negative
shipwreck,Negative
shirk,Negative
shirker,Negative
shit,Negative
shiver,Negative
shock,Negative
shocked,Negative
shocking,Negative
shockingly,Negative
shoddy,Negative
shortage,Negative
shortchange,Negative
shortcoming,Negative
shortcomings,Negative
shortness,Negative
shortsighted,Negative
shortsightedness,Negative
showdown,Negative
shrew,Negative
shriek,Negative
shrill,Negative
shrilly,Negative
shrivel,Negative
shroud,Negative
shrouded,Negative
shrug,Negative
shun,Negative
shunned,Negative
sick,Negative
sicken,Negative
sickening,Negative
sickeningly,Negative
sickly,Negative
sickness,Negative
sidetrack,Negative
sidetracked,Negative
siege,Negative
sillily,Negative
silly,Negative
simplistic,Negative
simplistically,Negative
sin,Negative
sinful,Negative
sinfully,Negative
sinister,Negative
sinisterly,Negative
sink,Negative
sinking,Negative
skeletons,Negative
skeptic,Negative
skeptical,Negative
skeptically,Negative
skepticism,Negative
sketchy,Negative
skimpy,Negative
skinny,Negative
skittish,Negative
skittishly,Negative
skulk,Negative
slack,Negative
slander,Negative
slanderer,Negative
slanderous,Negative
slanderously,Negative
slanders,Negative
slap,Negative
slashing,Negative
slaughter,Negative
slaughtered,Negative
slave,Negative
slaves,Negative
sleazy,Negative
slime,Negative
slog,Negative
slogged,Negative
slogging,Negative
slogs,Negative
sloooooooooooooow,Negative
sloooow,Negative
slooow,Negative
sloow,Negative
sloppily,Negative
sloppy,Negative
sloth,Negative
slothful,Negative
slow,Negative
slowed,Negative
slower,Negative
slowest,Negative
slowly,Negative
sloww,Negative
slowww,Negative
slowwww,Negative
slug,Negative
sluggish,Negative
slump,Negative
slumping,Negative
slumpping,Negative
slur,Negative
slut,Negative
sluts,Negative
sly,Negative
smack,Negative
smallish,Negative
smash,Negative
smear,Negative
smell,Negative
smelled,Negative
smelling,Negative
smells,Negative
smelly,Negative
smelt,Negative
smoke,Negative
smokescreen,Negative
smolder,Negative
smoldering,Negative
smother,Negative
smoulder,Negative
smouldering,Negative
smudge,Negative
smudged,Negative
smudges,Negative
smudging,Negative
smug,Negative
smugly,Negative
smut,Negative
smuttier,Negative
smuttiest,Negative
smutty,Negative
snag,Negative
snagged,Negative
snagging,Negative
snags,Negative
snappish,Negative
snappishly,Negative
snare,Negative
snarky,Negative
snarl,Negative
sneak,Negative
sneakily,Negative
sneaky,Negative
sneer,Negative
sneering,Negative
sneeringly,Negative
snob,Negative
snobbish,Negative
snobby,Negative
snobish,Negative
snobs,Negative
snub,Negative

rosy,Positive
safe,Positive
safely,Positive
sagacity,Positive
sagely,Positive
saint,Positive
saintliness,Positive
saintly,Positive
salutary,Positive
salute,Positive
sane,Positive
satisfactorily,Positive
satisfactory,Positive
satisfied,Positive
satisfies,Positive
satisfy,Positive
satisfying,Positive
satisified,Positive
saver,Positive
savings,Positive
savior,Positive
savvy,Positive
scenic,Positive
seamless,Positive
seasoned,Positive
secure,Positive
securely,Positive
selective,Positive
sensation,Positive
sensational,Positive
sensationally,Positive
sensations,Positive
sensible,Positive
sensibly,Positive
sensitive,Positive
serene,Positive
serenity,Positive
sexy,Positive
sharp,Positive
sharper,Positive
sharpest,Positive
shimmering,Positive
shimmeringly,Positive
shine,Positive
shiny,Positive
significant,Positive
silent,Positive
simpler,Positive
simplest,Positive
simplified,Positive
simplifies,Positive
simplify,Positive
simplifying,Positive
sincere,Positive
sincerely,Positive
sincerity,Positive
skill,Positive
skilled,Positive
skillful,Positive
skillfully,Positive
slammin,Positive
sleek,Positive
slick,Positive
smart,Positive
smarter,Positive
smartest,Positive
smartly,Positive
smile,Positive
smiles,Positive
smiling,Positive
smilingly,Positive
smitten,Positive
smooth,Positive
smoother,Positive
smoothes,Positive
smoothest,Positive
smoothly,Positive
snappy,Positive
snazzy,Positive
sociable,Positive
soft,Positive
softer,Positive
solace,Positive
solicitous,Positive
solicitously,Positive
solid,Positive
solidarity,Positive
soothe,Positive
soothingly,Positive
sophisticated,Positive
soulful,Positive
soundly,Positive
soundness,Positive
spacious,Positive
sparkle,Positive
sparkling,Positive
spectacular,Positive
spectacularly,Positive
speedily,Positive
speedy,Positive
spellbind,Positive
spellbinding,Positive
spellbindingly,Positive
spellbound,Positive
spirited,Positive
spiritual,Positive
splendid,Positive
splendidly,Positive
splendor,Positive
spontaneous,Positive
sporty,Positive
spotless,Positive
sprightly,Positive
stability,Positive
stabilize,Positive
stable,Positive
stainless,Positive
standout,Positive
stately,Positive
statuesque,Positive
staunch,Positive
staunchly,Positive
staunchness,Positive
steadfast,Positive
steadfastly,Positive
steadfastness,Positive
steadiest,Positive
steadiness,Positive
steady,Positive
stellar,Positive
stellarly,Positive
stimulate,Positive
stimulates,Positive
stimulating,Positive
stimulative,Positive
stirringly,Positive
straighten,Positive
straightforward,Positive
streamlined,Positive
striking,Positive
strikingly,Positive
striving,Positive
strong,Positive
stronger,Positive
strongest,Positive
stunned,Positive
stunning,Positive
stunningly,Positive
stupendous,Positive
stupendously,Positive
sturdier,Positive
sturdy,Positive
stylish,Positive
stylishly,Positive
stylized,Positive
suave,Positive
suavely,Positive
sublime,Positive
subsidize,Positive
subsidized,Positive
subsidizes,Positive
subsidizing,Positive
substantive,Positive
succeed,Positive
succeeded,Positive
succeeding,Positive
succeeds,Positive
succes,Positive
success,Positive
successes,Positive
successful,Positive
successfully,Positive
suffice,Positive
sufficed,Positive
suffices,Positive
sufficient,Positive
sufficiently,Positive
suitable,Positive
sumptuous,Positive
sumptuously,Positive
sumptuousness,Positive
super,Positive
superb,Positive
superbly,Positive
superior,Positive
superiority,Positive
supple,Positive
support,Positive
supported,Positive
supporter,Positive
supporting,Positive
supportive,Positive
supports,Positive
supremacy,Positive
supreme,Positive
supremely,Positive
supurb,Positive
supurbly,Positive
surmount,Positive
surpass,Positive
surreal,Positive
survival,Positive
survivor,Positive
sustainability,Positive
sustainable,Positive
swank,Positive
swankier,Positive
swankiest,Positive
swanky,Positive
sweeping,Positive
sweet,Positive
sweeten,Positive
sweetheart,Positive
sweetly,Positive
sweetness,Positive
swift,Positive
swiftness,Positive
talent,Positive
talented,Positive
talents,Positive
tantalize,Positive
tantalizing,Positive
tantalizingly,Positive
tempt,Positive
tempting,Positive
temptingly,Positive
tenacious,Positive
tenaciously,Positive
tenacity,Positive
tender,Positive
tenderly,Positive
terrific,Positive
terrifically,Positive
thank,Positive
thankful,Positive
thinner,Positive
thoughtful,Positive
thoughtfully,Positive
thoughtfulness,Positive
thrift,Positive
thrifty,Positive
thrill,Positive
thrilled,Positive
thrilling,Positive
thrillingly,Positive
thrills,Positive
thrive,Positive
thriving,Positive
tickle,Positive
tidy,Positive
timely,Positive
tingle,Positive
titillate,Positive
titillating,Positive
titillatingly,Positive
togetherness,Positive
top,Positive
topnotch,Positive
tops,Positive
tough,Positive
tougher,Positive
toughest,Positive
traction,Positive
tranquil,Positive
tranquility,Positive
transparent,Positive
treasure,Positive
tremendously,Positive
trendy,Positive
triumph,Positive
triumphal,Positive
triumphant,Positive
triumphantly,Positive
trivially,Positive
trophy,Positive
trump,Positive
trumpet,Positive
trust,Positive
trusted,Positive
trusting,Positive
trustingly,Positive
trustworthiness,Positive
trustworthy,Positive
trusty,Positive
truthful,Positive
truthfully,Positive
truthfulness,Positive
twinkly,Positive
unabashed,Positive
unabashedly,Positive
unaffected,Positive
unassailable,Positive
unbeatable,Positive
unbiased,Positive
unbound,Positive
uncomplicated,Positive
unconditional,Positive
undamaged,Positive
undaunted,Positive
understandable,Positive
undisputable,Positive
undisputably,Positive
undisputed,Positive
unencumbered,Positive
unequivocal,Positive
unequivocally,Positive
unfazed,Positive
unfettered,Positive
unforgettable,Positive
unity,Positive
unlimited,Positive
unmatched,Positive
unparalleled,Positive
unquestionable,Positive
unquestionably,Positive
unreal,Positive
unrestricted,Positive
unrivaled,Positive
unselfish,Positive
unwavering,Positive
upbeat,Positive
upgradable,Positive
upgradeable,Positive
upgraded,Positive
upheld,Positive
uphold,Positive
uplift,Positive
uplifting,Positive
upliftingly,Positive
upliftment,Positive
upscale,Positive
usable,Positive
useable,Positive
useful,Positive
valiant,Positive
valiantly,Positive
valor,Positive
valuable,Positive
variety,Positive
venerate,Positive
verifiable,Positive
veritable,Positive
versatile,Positive
versatility,Positive
vibrant,Positive
vibrantly,Positive
victorious,Positive
victory,Positive
viewable,Positive
vigilance,Positive
vigilant,Positive
virtue,Positive
virtuous,Positive
virtuously,Positive
visionary,Positive
vivacious,Positive
vivid,Positive
vouch,Positive
vouchsafe,Positive
warm,Positive
warmer,Positive
warmhearted,Positive
warmly,Positive
warmth,Positive
wealthy,Positive
welcome,Positive
well,Positive
wellbeing,Positive
whoa,Positive
wholeheartedly,Positive
wholesome,Positive
whooa,Positive
whoooa,Positive
wieldy,Positive
willing,Positive
willingly,Positive
willingness,Positive
win,Positive
windfall,Positive
winnable,Positive
winner,Positive
winners,Positive
winning,Positive
wins,Positive
wisdom,Positive
wise,Positive
wisely,Positive
witty,Positive
won,Positive
wonder,Positive
wonderful,Positive
wonderfully,Positive
wonderous,Positive
wonderously,Positive
wonders,Positive
wondrous,Positive
woo,Positive
work,Positive
workable,Positive
worked,Positive
works,Positive
worth,Positive
worthiness,Positive
worthwhile,Positive
worthy,Positive
wow,Positive
wowed,Positive
wowing,Positive
wows,Positive
yay,Positive
youthful,Positive
zeal,Positive
zenith,Positive
zest,Positive
zippy,Positive
gerne,Positive
